Username,Email,Password
stewartjasmine,lucassierra@example.org,@kbJk6ec7b
bstanley,fosterelijah@example.org,AsYFevqh#1
perryanthony,vmiller@example.net,gb8#ZK@c+J
zunigajeffery,yhall@example.net,*x192_ItA$
fhicks,frycynthia@example.com,%F!U8ZpAJ4
adamcrawford,gregorylee@example.net,^SI0i@uze7
jillianespinoza,srodriguez@example.org,#2@D1yG8_o
kimberlymiller,michael36@example.org,)Z1HyEok92
christopherhanson,brenda82@example.net,!0h1S$Pe*b
victoriamaldonado,jeremyward@example.com,x_73AAwv*N
bjohnson,cannonkirsten@example.org,(0Cik^Jtn8
umyers,anthony13@example.com,OB5Y0u_dr$
sheilajones,davidsonmolly@example.net,d)E8ScXwYQ
tyler99,jibarra@example.com,G&36_UtCU!
anthony78,markjohnson@example.org,7^6E8V8ygZ
oanderson,rodriguezrachel@example.org,d%6ndDVziK
sheila32,ocordova@example.org,s_7W^u82@H
christophercunningham,ryan15@example.org,4_0Y)ULl)9
jdixon,davisdaniel@example.org,82Bxby#^@Y
nicholas17,elizabethdavis@example.org,(X6Jk!jU4e
douglas12,jennahamilton@example.org,$706Tf^X6&
stanleywarren,daniel97@example.net,5OR*U8vL@2
tanner64,clarence22@example.com,Zru168ZP6+
qmorris,owenstracy@example.net,T1AV^u@c_x
smitheric,fjames@example.com,bS%*1YdDs+
richmondsteve,frederickbeck@example.net,(51f&S#c@7
austincarter,christine23@example.net,S9TBs&yX#1
angelicabaker,racheldixon@example.net,X$2nmEC)zb
joyce82,joel16@example.com,&E5tRJ8aXn
rkemp,derek12@example.org,&72wTlqed(
matthewsnyder,charlesstone@example.com,D6(Sm7dB_O
denise30,zwilliams@example.com,!v9UJB2s$m
blopez,sarahmcintyre@example.com,5$^y6VAys8
richardskathleen,teresabrown@example.org,%O5KrcFJwK
david37,kyle75@example.net,C!3j9Jrvq)
juliasingleton,karenjoyce@example.net,_6Z%6Vbi!O
ryanbaker,charleshooper@example.org,*JRh%m*O8h
christinajohnson,angelamiller@example.net,*8sQElej6C
mistygreen,omendoza@example.org,Y0sWtGMb%#
joshuafrench,richardcampbell@example.org,@5E%OpyeCm
michaeladams,stacie52@example.org,wMhI6vVuj*
griffinglenn,richardclark@example.org,&*2QrKTuU8
lawrenceguzman,lori15@example.org,h3IoVnf2#P
stephanie58,brandon84@example.net,$NQJujEL&5
jkey,valdezrichard@example.com,%a8F7p0pI^
barrysandra,thuff@example.com,lG8LjFcA#^
julieray,brittanygreen@example.com,iEr79bLe@#
glyons,daniel90@example.org,OvS3sK+g*3
brianstrickland,wwilliams@example.org,3&18iLs3tI
elucas,christinehernandez@example.com,8@S2aIgU+g
